price,price_per_sq_ft,bhk,sqft,bathrooms,has_lift,has_parking,has_gym,has_security,has_power_backup,has_swimming_pool,lat,lon,property_type,subproperty_type,age
14800000,14095.0,2,850.0,2.0,0,0,0,0,0,0,18.5167373381986,73.9263036508773,Residential,Apartment,0
10000000,6748.0,3,1098.0,3.0,0,0,0,0,0,0,18.4680743173029,73.8930224694682,Residential,Apartment,0
17995000,11602.0,3,1232.0,3.0,1,1,0,0,0,0,18.5530373310438,73.951490167295,Residential,Apartment,0
11000000,8527.0,2,860.0,3.0,0,0,0,0,0,0,18.5599716,73.7838163,Residential,Apartment,0
8509760,8120.0,2,776.0,2.0,1,1,0,0,0,0,18.5721265707285,73.7570589491508,Residential,Apartment,0
13500000,11250.0,2,920.0,2.0,1,1,0,0,0,0,18.5599716,73.7838163,Residential,Apartment,0
14500000,9012.0,3,1192.0,3.0,1,1,0,0,0,0,18.5010967026398,73.9358682814506,Residential,Apartment,0
24500000,15312.0,3,1157.0,3.0,1,0,0,0,0,0,18.4893883742541,73.8198003850328,Residential,Apartment,0
8387250,7950.0,2,780.0,2.0,1,1,0,0,0,0,18.601732750311,73.7220719182405,Residential,Apartment,0
17500000,11628.0,3,1060.0,3.0,1,1,0,0,0,0,18.5810936,73.771877,Residential,Apartment,0
6500000,9559.0,1,475.0,1.0,1,0,0,0,0,0,18.5527185,73.9454065,Residential,Apartment,0
16467000,11000.0,3,1109.0,3.0,1,1,0,0,0,0,18.5810936,73.771877,Residential,Apartment,0
21000000,13125.0,3,1037.0,3.0,1,0,0,0,0,0,18.5057078629585,73.8059355451102,Residential,Apartment,0
24500000,13897.0,3,1306.0,3.0,0,1,0,0,0,0,18.537941505528,73.7969848127362,Residential,Apartment,0
14940000,8300.0,3,1250.0,3.0,0,0,0,0,0,0,18.55246177,73.80353449,Residential,Apartment,0
12110000,8650.0,3,1009.0,3.0,1,1,0,0,0,0,18.601256,73.7645369,Residential,Apartment,0
13750000,12244.0,3,1123.0,3.0,1,1,0,0,0,0,18.601256,73.7645369,Residential,Apartment,0
11000000,7840.0,3,877.0,3.0,1,1,0,0,0,0,18.5721265707285,73.7570589491508,Residential,Apartment,0
13800000,11500.0,3,853.0,2.0,0,1,0,0,0,0,18.5543586655868,73.9591399743911,Residential,Apartment,0
8000000,11765.0,1,480.0,1.0,0,1,0,0,0,0,18.5670809479105,73.9171057653814,Residential,Apartment,0
6350000,7560.0,2,628.0,2.0,0,0,0,0,0,0,18.601732750311,73.7220719182405,Residential,Apartment,0
13200000,9167.0,3,980.0,3.0,0,1,0,0,0,0,18.5527185,73.9454065,Residential,Apartment,0
8500000,7456.0,2,820.0,2.0,1,0,0,0,0,0,18.601732750311,73.7220719182405,Residential,Apartment,0
16000000,11034.0,3,1065.0,3.0,0,1,0,0,0,0,18.5527185,73.9454065,Residential,Apartment,0
8000000,8889.0,2,740.0,2.0,0,1,0,0,0,0,18.4575576340076,73.8049225876653,Residential,Apartment,0
7200000,8027.0,2,730.0,2.0,1,0,0,0,0,0,18.601732750311,73.7220719182405,Residential,Apartment,0
12500000,8333.0,3,943.0,3.0,0,1,0,0,0,0,18.532526,73.944996,Residential,Apartment,0
3000000,4286.0,2,685.0,2.0,0,0,0,0,0,0,18.7621144,73.8657666,Residential,Apartment,0
11500000,13039.0,2,716.0,2.0,1,1,0,0,0,0,18.601256,73.7645369,Residential,Apartment,0
24000000,15454.0,3,1336.0,3.0,1,1,0,0,0,0,18.6536881,73.7400954,Residential,Apartment,0
8800000,5594.0,2,1210.0,2.0,1,1,0,0,0,0,18.470825437984,73.9158708957281,Residential,Apartment,0
21000000,14685.0,3,1286.0,3.0,1,1,0,0,0,0,18.6325935815659,73.7344393940928,Residential,Apartment,0
12000000,10610.0,2,870.0,2.0,1,1,0,0,0,0,18.5599716,73.7838163,Residential,Apartment,0
8500000,9594.0,2,716.0,2.0,1,1,0,0,0,0,18.6325935815659,73.7344393940928,Residential,Apartment,0
6500000,5909.0,2,780.0,2.0,1,0,0,0,0,0,18.4509142546204,73.9159532114877,Residential,Apartment,0
4600000,5845.0,2,580.0,2.0,0,1,0,0,0,0,18.443965,73.809382,Residential,Apartment,0
4800000,9412.0,2,420.0,2.0,1,1,0,0,0,0,18.5911585,73.9260013,Residential,Apartment,0
5600000,6588.0,2,625.0,2.0,1,1,0,0,0,0,18.4439750329832,73.8768659759521,Residential,Apartment,0
7500000,9225.0,2,813.0,2.0,0,1,0,0,0,0,18.460745892296,73.8172582450134,Residential,Apartment,0
8300000,8359.0,2,851.0,2.0,1,1,0,0,0,0,18.60470063,73.78706675,Residential,Apartment,0
1800000,3913.0,1,400.0,1.0,0,0,0,0,0,0,18.7343947451665,73.6791497214445,Residential,Apartment,0
4500000,6923.0,1,451.0,1.0,1,1,0,0,0,0,18.601732750311,73.7220719182405,Residential,Apartment,0
4900000,7346.0,1,534.0,1.0,1,1,0,0,0,0,18.4375067657152,73.7916389825431,Residential,Apartment,0
5000000,5848.0,2,633.0,2.0,0,1,0,0,0,0,18.4443480308241,73.8897421581184,Residential,Apartment,0
6600000,7174.0,2,852.0,2.0,1,1,0,0,0,0,18.5911585,73.9260013,Residential,Apartment,0
7000000,9259.0,2,650.0,2.0,1,1,0,0,0,0,18.6201867777314,73.7465762407311,Residential,Apartment,0
12000000,11823.0,3,985.0,3.0,1,1,0,0,0,0,18.5527185,73.9454065,Residential,Apartment,0
11000000,7020.0,3,1350.0,3.0,0,0,0,0,0,0,18.470825437984,73.9158708957281,Residential,Apartment,0
4800000,4571.0,2,761.0,2.0,0,0,0,0,0,0,18.452499,73.9042255,Residential,Apartment,0
14500000,9355.0,3,1088.0,3.0,0,1,0,0,0,0,18.530748,73.927583,Residential,Apartment,0
21000000,11526.0,3,1350.0,2.0,1,1,0,0,0,0,18.4965095214786,73.853305586771,Residential,Apartment,0
3600000,5538.0,1,500.0,1.0,0,0,0,0,0,0,19.1179464762666,73.7342876020424,Residential,Apartment,0
9300000,10333.0,2,715.0,2.0,0,0,0,0,0,0,18.585592,73.7813696,Residential,Apartment,0
16800000,13291.0,3,860.0,2.0,0,0,0,0,0,0,18.599348,73.762495,Residential,Apartment,0
11000000,10476.0,2,1000.0,2.0,0,0,0,0,0,0,18.5635786191835,73.7712219425184,Residential,Apartment,0
4750000,5491.0,2,665.0,2.0,1,1,0,0,0,0,18.6664499937538,73.8474815257257,Residential,Apartment,0
8500000,11184.0,2,548.0,2.0,1,1,0,0,0,0,18.601256,73.7645369,Residential,Apartment,0
11500000,10870.0,2,886.0,2.0,1,1,0,0,0,0,18.599348,73.762495,Residential,Apartment,0
4900000,8167.0,1,486.0,1.0,1,1,0,0,0,0,18.616655,73.789527,Residential,Apartment,0
3700000,3524.0,2,850.0,2.0,1,0,0,0,0,0,18.4509142546204,73.9159532114877,Residential,Apartment,0
3600000,7200.0,1,400.0,1.0,0,1,0,0,0,0,18.4461585389775,73.8821015230324,Residential,Apartment,0
27000000,13643.0,3,1414.0,4.0,0,1,0,0,0,0,18.5670809479105,73.9171057653814,Residential,Apartment,0
3500000,4605.0,2,543.0,2.0,0,1,0,0,0,0,18.7343947451665,73.6791497214445,Residential,Apartment,0
9936142,6853.0,3,1110.0,2.0,0,1,0,0,0,0,18.5915090200973,73.8965510533003,Residential,Apartment,0
1400000,8750.0,1,100.0,1.0,0,1,0,0,0,0,18.51050508,73.86993915,Residential,Apartment,0
18000000,12000.0,3,1336.0,3.0,1,1,0,0,0,0,18.601256,73.7645369,Residential,Apartment,0
8700000,7909.0,2,900.0,2.0,1,1,0,0,0,0,18.5041515,73.9015575,Residential,Apartment,0
10500000,9276.0,3,989.0,2.0,1,1,0,0,0,0,18.601256,73.7645369,Residential,Apartment,0
8000000,8421.0,2,750.0,2.0,0,0,0,0,0,0,18.5010967026398,73.9358682814506,Residential,Apartment,0
4500000,4891.0,2,620.0,2.0,0,1,0,0,0,0,18.4375067657152,73.7916389825431,Residential,Apartment,0
22500000,18000.0,3,1042.0,3.0,1,1,0,0,0,0,18.5670809479105,73.9171057653814,Residential,Apartment,0
9300000,10333.0,2,706.0,2.0,1,1,0,0,0,0,18.6323526,73.8107226,Residential,Apartment,0
5200000,11231.0,1,397.0,1.0,0,0,0,0,0,0,18.5721265707285,73.7570589491508,Residential,Apartment,0
6700000,8221.0,2,716.0,2.0,1,1,0,0,0,0,18.601256,73.7645369,Residential,Apartment,0
7200000,8000.0,2,673.0,2.0,1,1,0,0,0,0,18.6664499937538,73.8474815257257,Residential,Apartment,0
3900000,4626.0,2,592.0,2.0,1,1,0,0,0,0,18.5079578,73.6822885,Residential,Apartment,0
10200000,7286.0,3,1020.0,3.0,0,0,0,0,0,0,18.5915090200973,73.8965510533003,Residential,Apartment,0
5800000,10394.0,1,450.0,1.0,0,1,0,0,0,0,18.5635786191835,73.7712219425184,Residential,Apartment,0
9450000,11595.0,2,705.0,2.0,1,1,0,0,0,0,18.5599716,73.7838163,Residential,Apartment,0
11200000,8000.0,3,1200.0,3.0,0,0,0,0,0,0,18.5079578,73.6822885,Residential,Apartment,0
9600000,9412.0,2,747.0,2.0,0,1,0,0,0,0,18.5010967026398,73.9358682814506,Residential,Apartment,0
15100000,12583.0,3,1030.0,3.0,1,1,0,0,0,0,18.640704391697,73.7919814072661,Residential,Apartment,0
8500000,6773.0,2,935.0,2.0,1,1,0,0,0,0,18.5768131896138,73.9780692718883,Residential,Apartment,0
3400000,5862.0,1,430.0,1.0,0,0,0,0,0,0,18.4942918,73.7214535,Residential,Apartment,0
10000000,8764.0,3,1042.0,2.0,1,1,0,0,0,0,18.5915090200973,73.8965510533003,Residential,Apartment,0
2600000,4228.0,1,500.0,1.0,0,1,0,0,0,0,18.4444865911802,73.8231828087887,Residential,Apartment,0
8600000,10818.0,2,600.0,2.0,0,0,0,0,0,0,18.5204466,73.901158,Residential,Apartment,0
10800000,9566.0,2,877.0,2.0,0,0,0,0,0,0,18.5810936,73.771877,Residential,Apartment,0
8000000,10512.0,2,535.0,2.0,0,1,0,0,0,0,18.4575576340076,73.8049225876653,Residential,Apartment,0
12800000,9014.0,3,1268.0,3.0,1,1,0,0,0,0,18.6201867777314,73.7465762407311,Residential,Apartment,0
11000000,10476.0,2,940.0,2.0,1,1,0,0,0,0,18.5995184845644,73.7212220016587,Residential,Apartment,0
5400000,6413.0,2,740.0,2.0,0,1,0,0,0,0,18.4439750329832,73.8768659759521,Residential,Apartment,0
5500000,6571.0,2,837.0,2.0,1,1,0,0,0,0,18.5768131896138,73.9780692718883,Residential,Apartment,0
4500000,6259.0,1,575.0,1.0,0,1,0,0,0,0,18.441244,73.799721,Residential,Apartment,0
12500000,12768.0,3,800.0,3.0,0,1,0,0,0,0,18.5878336641417,73.7485136212327,Residential,Apartment,0
8000000,8290.0,2,687.0,2.0,0,0,0,0,0,0,18.5527185,73.9454065,Residential,Apartment,0
6500000,6842.0,2,650.0,2.0,0,1,0,0,0,0,18.5768131896138,73.9780692718883,Residential,Apartment,0
5500000,5914.0,2,702.0,2.0,0,0,0,0,0,0,18.7318421,73.680706,Residential,Apartment,0
2300000,3286.0,2,650.0,1.0,0,0,0,0,0,0,18.3508177593047,74.0307512790923,Residential,Apartment,0
7500000,11538.0,1,527.0,1.0,0,1,0,0,0,0,18.5726776408445,73.8782245106378,Residential,Apartment,0
4650000,4774.0,2,735.0,2.0,0,1,0,0,0,0,18.7343947451665,73.6791497214445,Residential,Apartment,0
5600000,11890.0,1,432.0,1.0,0,1,0,0,0,0,18.5476795,73.901482,Residential,Apartment,0
16500000,14667.0,2,900.0,2.0,1,1,0,0,0,0,18.5744326082844,73.9097761335821,Residential,Apartment,0
3800000,6786.0,1,460.0,1.0,0,0,0,0,0,0,18.474216,73.9794409,Residential,Apartment,0
3200000,7786.0,1,411.0,1.0,0,0,0,0,0,0,18.5215909041852,73.8675101744338,Residential,Apartment,0
6000000,6000.0,2,750.0,2.0,1,1,0,0,0,0,18.6201867777314,73.7465762407311,Residential,Apartment,0
7800000,8324.0,2,736.0,2.0,1,1,0,0,0,0,18.6536881,73.7400954,Residential,Apartment,0
4600000,6133.0,1,600.0,1.0,0,1,0,0,0,0,18.5915090200973,73.8965510533003,Residential,Apartment,0
2800000,4667.0,1,500.0,1.0,1,0,0,0,0,0,18.5768131896138,73.9780692718883,Residential,Apartment,0
10500000,6321.0,3,1134.0,2.0,1,1,0,0,0,0,18.6708036,73.7173175,Residential,Apartment,0
4480000,4073.0,2,700.0,2.0,1,1,0,0,0,0,18.452499,73.9042255,Residential,Apartment,0
8000000,8147.0,2,902.0,2.0,0,1,0,0,0,0,18.44917956,73.84158049,Residential,Apartment,0
13200000,10560.0,2,862.0,2.0,0,1,0,0,0,0,18.5527185,73.9454065,Residential,Apartment,0
8126423,8554.0,2,715.0,2.0,1,1,0,0,0,0,18.5500045,73.920393,Residential,Apartment,0
7100000,8353.0,2,667.0,2.0,1,1,0,0,0,0,18.601732750311,73.7220719182405,Residential,Apartment,0
6000000,7308.0,2,690.0,2.0,0,0,0,0,0,0,18.6323526,73.8107226,Residential,Apartment,0
5586000,5700.0,2,726.0,2.0,0,0,0,0,0,0,18.4917644929129,73.9701465555334,Residential,Apartment,0
11000000,11752.0,2,831.0,2.0,1,1,0,0,0,0,18.6536881,73.7400954,Residential,Apartment,0
15000000,14423.0,2,763.0,2.0,1,1,0,0,0,0,18.5925615,73.7971225,Residential,Apartment,0
3000000,3750.0,2,700.0,2.0,0,0,0,0,0,0,18.4509142546204,73.9159532114877,Residential,Apartment,0
2250000,3151.0,2,476.0,2.0,1,1,0,0,0,0,18.763475,73.838081,Residential,Apartment,0
21000000,17500.0,3,1036.0,3.0,1,1,0,0,0,0,18.66018406,73.7994844,Residential,Apartment,0
7200000,6261.0,2,1079.0,2.0,0,0,0,0,0,0,18.4680743173029,73.8930224694682,Residential,Apartment,0
8500000,8629.0,2,785.0,2.0,1,1,0,0,0,0,18.532526,73.944996,Residential,Apartment,0
4600000,6970.0,1,492.0,1.0,1,1,0,0,0,0,18.5911585,73.9260013,Residential,Apartment,0
11000000,11000.0,2,740.0,2.0,1,0,0,0,0,0,18.5527185,73.9454065,Residential,Apartment,0
16000000,9143.0,3,1250.0,3.0,1,1,0,0,0,0,18.6325935815659,73.7344393940928,Residential,Apartment,0
11000000,9167.0,3,815.0,3.0,1,1,0,0,0,0,18.5721265707285,73.7570589491508,Residential,Apartment,0
4200000,4242.0,2,733.0,2.0,0,0,0,0,0,0,18.4439750329832,73.8768659759521,Residential,Apartment,0
5200000,5876.0,2,681.0,2.0,0,0,0,0,0,0,18.4444865911802,73.8231828087887,Residential,Apartment,0
4500000,5294.0,2,613.0,2.0,1,1,0,0,0,0,18.6788687708934,73.6883906367032,Residential,Apartment,0
7900000,8078.0,2,752.0,2.0,1,1,0,0,0,0,18.5768131896138,73.9780692718883,Residential,Apartment,0
6900000,8364.0,2,650.0,2.0,0,0,0,0,0,0,18.5228754199699,73.985179560855,Residential,Apartment,0
1600000,3810.0,1,336.0,1.0,1,1,0,0,0,0,18.7621144,73.8657666,Residential,Apartment,0
3000000,6993.0,1,255.0,1.0,1,1,0,0,0,0,18.474216,73.9794409,Residential,Apartment,0
9300000,8968.0,2,798.0,2.0,0,1,0,0,0,0,18.521775,73.76628,Residential,Apartment,0
16900000,14420.0,2,879.0,2.0,0,0,0,0,0,0,18.5019176567919,73.8530399804943,Residential,Apartment,0
7000000,8065.0,2,686.0,2.0,1,0,0,0,0,0,18.4444865911802,73.8231828087887,Residential,Apartment,0
4500000,8772.0,2,412.0,1.0,1,1,0,0,0,0,18.5911585,73.9260013,Residential,Apartment,0
10000000,8889.0,2,804.0,2.0,0,0,0,0,0,0,18.4840208690126,73.7941150152749,Residential,Apartment,0
10500000,11053.0,2,732.0,2.0,0,1,0,0,0,0,18.6426375,73.7939649,Residential,Apartment,0
9500000,8261.0,2,920.0,2.0,0,1,0,0,0,0,18.51050508,73.86993915,Residential,Apartment,0
11000000,10680.0,2,864.0,2.0,1,1,0,0,0,0,18.6121071,73.7160621,Residential,Apartment,0
1350000,3375.0,1,395.0,1.0,0,0,0,0,0,0,18.4745372368681,73.8864312145165,Residential,Apartment,0
9400000,8174.0,2,850.0,2.0,1,1,0,0,0,0,18.5768131896138,73.9780692718883,Residential,Apartment,0
8200000,10000.0,2,620.0,2.0,1,1,0,0,0,0,18.5046404,73.7649625,Residential,Apartment,0
7000000,8130.0,2,638.0,2.0,1,1,0,0,0,0,18.5845594755989,73.6872446873881,Residential,Apartment,0
9900000,9538.0,2,886.0,2.0,1,1,0,0,0,0,18.60470063,73.78706675,Residential,Apartment,0
18000000,10613.0,3,1212.0,3.0,0,0,0,0,0,0,18.601732750311,73.7220719182405,Residential,Apartment,0
12500000,10739.0,2,832.0,2.0,1,1,0,0,0,0,18.5810936,73.771877,Residential,Apartment,0
9190000,7294.0,3,928.0,2.0,0,1,0,0,0,0,18.4703680763148,73.900162950668,Residential,Apartment,0
7800000,6500.0,3,903.0,3.0,0,1,0,0,0,0,18.4509142546204,73.9159532114877,Residential,Apartment,0
8500000,12736.0,2,60.0,2.0,0,0,0,0,0,0,18.470825437984,73.9158708957281,Residential,Apartment,0
16999999,9356.0,3,1346.0,3.0,0,0,0,0,0,0,18.4936093056155,73.9098701325955,Residential,Apartment,0
8250000,7653.0,2,797.0,2.0,0,1,0,0,0,0,18.6121071,73.7160621,Residential,Apartment,0
16000000,14545.0,2,800.0,2.0,0,0,0,0,0,0,18.4974571471335,73.8510042875154,Residential,Apartment,0
12500000,8389.0,3,1080.0,3.0,0,1,0,0,0,0,18.4233784664528,73.8883288371333,Residential,Apartment,0
7500000,8333.0,2,750.0,2.0,0,0,0,0,0,0,18.443965,73.809382,Residential,Apartment,0
8700000,10235.0,2,715.0,2.0,0,1,0,0,0,0,18.5721265707285,73.7570589491508,Residential,Apartment,0
15000000,9025.0,3,1260.0,3.0,1,1,0,0,0,0,18.601732750311,73.7220719182405,Residential,Apartment,0
13400000,11443.0,2,980.0,2.0,0,1,0,0,0,0,18.5594882750649,73.809054939168,Residential,Apartment,0
5500000,9228.0,1,442.0,1.0,0,1,0,0,0,0,18.5013815,73.752738,Residential,Apartment,0
4000000,3929.0,2,713.0,2.0,1,1,0,0,0,0,18.5079578,73.6822885,Residential,Apartment,0
12000000,13714.0,3,925.0,2.0,1,1,0,0,0,0,18.5878336641417,73.7485136212327,Residential,Apartment,0
2600000,5417.0,1,350.0,1.0,0,0,0,0,0,0,18.5244474,73.9740341,Residential,Apartment,0
3500000,5368.0,1,442.0,1.0,1,1,0,0,0,0,18.677493,73.882904,Residential,Apartment,0
5700000,7308.0,1,571.0,1.0,0,1,0,0,0,0,18.601732750311,73.7220719182405,Residential,Apartment,0
18500000,10756.0,3,1367.0,3.0,0,1,0,0,0,0,18.5810936,73.771877,Residential,Apartment,0
9500000,9694.0,2,779.0,2.0,1,1,0,0,0,0,18.6498411481973,73.78001224759,Residential,Apartment,0
8500000,8095.0,2,726.0,2.0,1,1,0,0,0,0,18.601256,73.7645369,Residential,Apartment,0
7800000,7800.0,2,736.0,2.0,1,0,0,0,0,0,18.6536881,73.7400954,Residential,Apartment,0
5100000,6986.0,2,750.0,2.0,1,1,0,0,0,0,18.4509142546204,73.9159532114877,Residential,Apartment,0
3100000,3647.0,1,650.0,1.0,0,1,0,0,0,0,18.4509142546204,73.9159532114877,Residential,Apartment,0
9600000,11268.0,2,852.0,2.0,1,1,0,0,0,0,18.532526,73.944996,Residential,Apartment,0
7000000,6364.0,2,800.0,2.0,1,1,0,0,0,0,18.6121071,73.7160621,Residential,Apartment,0
1250000,3521.0,1,265.0,1.0,0,1,0,0,0,0,18.765665,73.615038,Residential,Apartment,0
7200000,6025.0,2,890.0,2.0,1,0,0,0,0,0,18.4509142546204,73.9159532114877,Residential,Apartment,0
7500000,8918.0,2,700.0,2.0,0,0,0,0,0,0,18.4633272035409,73.8518017049147,Residential,Apartment,0
12000000,12000.0,2,945.0,2.0,1,1,0,0,0,0,18.5527185,73.9454065,Residential,Apartment,0
11700000,12037.0,2,850.0,2.0,1,1,0,0,0,0,18.564819,73.812502,Residential,Apartment,0
3250000,5078.0,1,460.0,1.0,0,1,0,0,0,0,18.6664499937538,73.8474815257257,Residential,Apartment,0
17500000,10593.0,3,1268.0,3.0,1,1,0,0,0,0,18.5046404,73.7649625,Residential,Apartment,0
7400000,7765.0,2,705.0,2.0,0,0,0,0,0,0,18.5995184845644,73.7212220016587,Residential,Apartment,0
17200000,13815.0,3,1460.0,3.0,1,1,0,0,0,0,18.5527185,73.9454065,Residential,Apartment,0
10500000,11667.0,2,800.0,2.0,0,1,0,0,0,0,18.5046404,73.7649625,Residential,Apartment,0
6300000,7875.0,2,686.0,2.0,1,1,0,0,0,0,18.6325935815659,73.7344393940928,Residential,Apartment,0
11500000,9991.0,3,853.0,3.0,1,1,0,0,0,0,18.5228754199699,73.985179560855,Residential,Apartment,0
7000000,6542.0,2,811.0,2.0,1,1,0,0,0,0,18.4509142546204,73.9159532114877,Residential,Apartment,0
9000000,11349.0,2,642.0,2.0,1,1,0,0,0,0,18.5010967026398,73.9358682814506,Residential,Apartment,0
2700000,4696.0,1,423.0,1.0,0,0,0,0,0,0,18.4509142546204,73.9159532114877,Residential,Apartment,0
3600000,4265.0,2,650.0,2.0,1,1,0,0,0,0,18.7343947451665,73.6791497214445,Residential,Apartment,0
10550000,10446.0,2,866.0,2.0,1,1,0,0,0,0,18.5938990526205,73.7710454381097,Residential,Apartment,0
6800000,7640.0,2,750.0,2.0,0,0,0,0,0,0,18.6664499937538,73.8474815257257,Residential,Apartment,0
12500000,10994.0,3,907.0,2.0,1,1,0,0,0,0,18.5010967026398,73.9358682814506,Residential,Apartment,0
3300000,5670.0,2,416.0,2.0,0,1,0,0,0,0,18.601732750311,73.7220719182405,Residential,Apartment,0
16000000,10000.0,3,1452.0,3.0,1,1,0,0,0,0,18.5204466,73.901158,Residential,Apartment,0
6800000,9444.0,2,700.0,2.0,1,1,0,0,0,0,18.5768131896138,73.9780692718883,Residential,Apartment,0
15000000,13043.0,2,980.0,2.0,1,1,0,0,0,0,18.5599716,73.7838163,Residential,Apartment,0
8600000,7963.0,2,803.0,2.0,0,0,0,0,0,0,18.532526,73.944996,Residential,Apartment,0
11000000,11411.0,2,780.0,2.0,0,1,0,0,0,0,18.5215909041852,73.8675101744338,Residential,Apartment,0
8700000,6444.0,3,1000.0,3.0,0,1,0,0,0,0,18.5768131896138,73.9780692718883,Residential,Apartment,0
19500000,12540.0,3,1152.0,3.0,0,0,0,0,0,0,18.4758155884562,73.8576587695947,Residential,Apartment,0
7300000,8391.0,2,630.0,2.0,0,0,0,0,0,0,18.4474672776,73.8746620388626,Residential,Apartment,0
8600000,11862.0,2,638.0,2.0,1,1,0,0,0,0,18.6201867777314,73.7465762407311,Residential,Apartment,0
9000000,8333.0,2,727.0,2.0,1,1,0,0,0,0,18.601732750311,73.7220719182405,Residential,Apartment,0
16500000,10784.0,3,1300.0,3.0,1,1,0,0,0,0,18.60026559,73.82805808,Residential,Apartment,0
12000000,9756.0,3,1012.0,3.0,1,1,0,0,0,0,18.6325935815659,73.7344393940928,Residential,Apartment,0
6500000,7119.0,2,702.0,2.0,1,1,0,0,0,0,18.5768131896138,73.9780692718883,Residential,Apartment,0
4500000,5625.0,2,636.0,1.0,1,1,0,0,0,0,18.5892565,73.813192,Residential,Apartment,0
6500000,9878.0,2,590.0,2.0,1,1,0,0,0,0,18.601732750311,73.7220719182405,Residential,Apartment,0
17000000,13600.0,3,1050.0,2.0,0,1,0,0,0,0,18.55895,73.77823,Residential,Apartment,0
5900000,5235.0,2,800.0,2.0,0,0,0,0,0,0,18.6536881,73.7400954,Residential,Apartment,0
6500000,10000.0,1,550.0,1.0,0,1,0,0,0,0,18.518510524364,73.8850947377621,Residential,Apartment,0
8200000,7130.0,2,792.0,2.0,0,1,0,0,0,0,18.5469121,73.7564974,Residential,Apartment,0
10000000,7407.0,3,964.0,3.0,1,0,0,0,0,0,18.6323526,73.8107226,Residential,Apartment,0
10300000,13715.0,2,636.0,2.0,1,1,0,0,0,0,18.601256,73.7645369,Residential,Apartment,0
23999000,13186.0,3,1368.0,3.0,1,1,0,0,0,0,18.5527185,73.9454065,Residential,Apartment,0
8900000,5933.0,3,1326.0,3.0,1,1,0,0,0,0,18.6615249843968,73.7287790957994,Residential,Apartment,0
14500000,10417.0,3,1180.0,3.0,0,1,0,0,0,0,18.5763765,73.779815,Residential,Apartment,0
11000000,13497.0,3,710.0,3.0,0,1,0,0,0,0,18.5721265707285,73.7570589491508,Residential,Apartment,0
14100000,9295.0,3,1161.0,3.0,1,0,0,0,0,0,18.57714747,73.712594,Residential,Apartment,0
5450000,6511.0,2,636.0,2.0,1,1,0,0,0,0,18.601732750311,73.7220719182405,Residential,Apartment,0
6000000,8000.0,2,636.0,2.0,1,1,0,0,0,0,18.6681609,73.7026943,Residential,Apartment,0
7200000,8571.0,2,680.0,2.0,0,0,0,0,0,0,18.6345905,73.8489369,Residential,Apartment,0
10000000,11111.0,2,760.0,2.0,0,0,0,0,0,0,18.5599716,73.7838163,Residential,Apartment,0
6500000,6842.0,2,760.0,2.0,1,1,0,0,0,0,18.4439750329832,73.8768659759521,Residential,Apartment,0
3000000,4615.0,1,440.0,1.0,0,0,0,0,0,0,18.452499,73.9042255,Residential,Apartment,0
3500000,4242.0,2,790.0,1.0,0,1,0,0,0,0,18.443965,73.809382,Residential,Apartment,0
6200000,6126.0,2,749.0,2.0,1,0,0,0,0,0,18.6708036,73.7173175,Residential,Apartment,0
3500000,5833.0,1,550.0,1.0,0,0,0,0,0,0,18.463430374691,73.8048244001276,Residential,Apartment,0
5300000,10600.0,1,476.0,1.0,0,0,0,0,0,0,18.6615249843968,73.7287790957994,Residential,Apartment,0
9800000,7840.0,3,932.0,2.0,1,1,0,0,0,0,18.5469121,73.7564974,Residential,Apartment,0
13000000,10400.0,2,608.0,2.0,0,1,0,0,0,0,18.5549343985888,73.7677317658416,Residential,Apartment,0
9700000,8083.0,2,770.0,2.0,1,0,0,0,0,0,18.532526,73.944996,Residential,Apartment,0
20800000,11718.0,3,1350.0,4.0,1,1,0,0,0,0,18.4703680763148,73.900162950668,Residential,Apartment,0
4000000,5000.0,1,600.0,1.0,1,1,0,0,0,0,18.5768131896138,73.9780692718883,Residential,Apartment,0
15000000,10949.0,3,1013.0,2.0,1,0,0,0,0,0,18.5527185,73.9454065,Residential,Apartment,0
14000000,11200.0,2,1050.0,3.0,0,1,0,0,0,0,18.4936093056155,73.9098701325955,Residential,Apartment,0
15000000,11111.0,3,1100.0,3.0,0,0,0,0,0,0,18.5527185,73.9454065,Residential,Apartment,0
16000000,11852.0,2,850.0,2.0,1,1,0,0,0,0,18.5476795,73.901482,Residential,Apartment,0
27500000,15093.0,3,1350.0,3.0,0,0,0,0,0,0,18.5599716,73.7838163,Residential,Apartment,0
12320000,8800.0,3,1060.0,3.0,1,1,0,0,0,0,18.4703680763148,73.900162950668,Residential,Apartment,0
5830000,5300.0,2,710.0,2.0,1,0,0,0,0,0,18.4509142546204,73.9159532114877,Residential,Apartment,0
18000000,10657.0,3,1250.0,3.0,1,0,0,0,0,0,18.5810936,73.771877,Residential,Apartment,0
18900000,11257.0,3,1244.0,3.0,1,1,0,0,0,0,18.5527185,73.9454065,Residential,Apartment,0
20000000,10471.0,3,1250.0,3.0,1,1,0,0,0,0,18.5599716,73.7838163,Residential,Apartment,0
9000000,10000.0,2,760.0,2.0,1,0,0,0,0,0,18.5476795,73.901482,Residential,Apartment,0
11000000,8112.0,3,982.0,3.0,0,0,0,0,0,0,18.4443480308241,73.8897421581184,Residential,Apartment,0
6500000,6436.0,2,748.0,2.0,0,0,0,0,0,0,18.6615249843968,73.7287790957994,Residential,Apartment,0
15500000,9688.0,3,1245.0,3.0,1,1,0,0,0,0,18.4703680763148,73.900162950668,Residential,Apartment,0
6500000,10000.0,1,500.0,2.0,1,1,0,0,0,0,18.601732750311,73.7220719182405,Residential,Apartment,0
10937000,9404.0,2,796.0,3.0,0,0,0,0,0,0,18.5599716,73.7838163,Residential,Apartment,0
2800000,4870.0,1,525.0,1.0,0,1,0,0,0,0,18.4375067657152,73.7916389825431,Residential,Apartment,0
8000000,8743.0,2,751.0,2.0,1,1,0,0,0,0,18.5046404,73.7649625,Residential,Apartment,0
3400000,5231.0,1,450.0,1.0,1,1,0,0,0,0,18.4509142546204,73.9159532114877,Residential,Apartment,0
9000000,9184.0,2,750.0,2.0,1,0,0,0,0,0,18.5721265707285,73.7570589491508,Residential,Apartment,0
1999999,3333.0,1,533.0,1.0,0,0,0,0,0,0,18.4680743173029,73.8930224694682,Residential,Apartment,0
3200000,4000.0,2,750.0,2.0,0,0,0,0,0,0,18.4633272035409,73.8518017049147,Residential,Apartment,0
5500000,6395.0,2,680.0,2.0,0,0,0,0,0,0,18.4443480308241,73.8897421581184,Residential,Apartment,0
3500000,4167.0,2,635.0,1.0,0,0,0,0,0,0,18.7621144,73.8657666,Residential,Apartment,0
10000000,12594.0,2,722.0,2.0,0,0,0,0,0,0,18.5721265707285,73.7570589491508,Residential,Apartment,0
5665000,4721.0,2,710.0,1.0,0,0,0,0,0,0,18.60470063,73.78706675,Residential,Apartment,0
10000000,11111.0,2,728.0,2.0,1,1,0,0,0,0,18.5995184845644,73.7212220016587,Residential,Apartment,0
4000000,6380.0,1,529.0,2.0,1,1,0,0,0,0,18.6664499937538,73.8474815257257,Residential,Apartment,0
12500000,8621.0,3,1050.0,3.0,0,0,0,0,0,0,18.6325935815659,73.7344393940928,Residential,Apartment,0
14000000,10000.0,3,1100.0,3.0,1,1,0,0,0,0,18.6325935815659,73.7344393940928,Residential,Apartment,0
3000000,4127.0,2,600.0,2.0,0,1,0,0,0,0,18.470928,73.866976,Residential,Apartment,0
7500000,12479.0,2,569.0,2.0,0,0,0,0,0,0,18.6708036,73.7173175,Residential,Apartment,0
8200000,8817.0,2,709.0,2.0,1,1,0,0,0,0,18.6201867777314,73.7465762407311,Residential,Apartment,0
2300000,3651.0,1,580.0,1.0,1,0,0,0,0,0,18.7343947451665,73.6791497214445,Residential,Apartment,0
8000000,10596.0,2,636.0,2.0,1,1,0,0,0,0,18.601256,73.7645369,Residential,Apartment,0
13000000,10392.0,3,1017.0,3.0,0,0,0,0,0,0,18.5010967026398,73.9358682814506,Residential,Apartment,0
9000000,10551.0,2,625.0,2.0,1,1,0,0,0,0,18.5228754199699,73.985179560855,Residential,Apartment,0
8300000,5971.0,3,1050.0,3.0,1,1,0,0,0,0,18.4233784664528,73.8883288371333,Residential,Apartment,0
9600000,6713.0,3,1050.0,3.0,0,1,0,0,0,0,18.5768131896138,73.9780692718883,Residential,Apartment,0
3150000,4667.0,1,470.0,1.0,0,1,0,0,0,0,18.5911585,73.9260013,Residential,Apartment,0
3850000,3775.0,2,785.0,2.0,1,0,0,0,0,0,18.7343947451665,73.6791497214445,Residential,Apartment,0
9500000,6996.0,3,1044.0,3.0,1,1,0,0,0,0,18.5228754199699,73.985179560855,Residential,Apartment,0
7500000,8206.0,2,677.0,2.0,0,0,0,0,0,0,18.601732750311,73.7220719182405,Residential,Apartment,0
6000000,6431.0,2,730.0,2.0,1,1,0,0,0,0,18.5010967026398,73.9358682814506,Residential,Apartment,0
12000000,9600.0,3,1040.0,3.0,0,0,0,0,0,0,18.6708036,73.7173175,Residential,Apartment,0
5600000,8615.0,2,600.0,2.0,1,0,0,0,0,0,18.4942918,73.7214535,Residential,Apartment,0
7800000,9070.0,2,696.0,2.0,1,0,0,0,0,0,18.6201867777314,73.7465762407311,Residential,Apartment,0
2900000,5273.0,1,423.0,1.0,1,1,0,0,0,0,18.4509142546204,73.9159532114877,Residential,Apartment,0
8000000,8000.0,2,850.0,2.0,0,1,0,0,0,0,18.5010967026398,73.9358682814506,Residential,Apartment,0
11000000,10000.0,2,900.0,2.0,0,0,0,0,0,0,18.5086979137524,73.7903098676423,Residential,Apartment,0
7100000,10923.0,2,650.0,2.0,1,0,0,0,0,0,18.576448,73.793922,Residential,Apartment,0
3100000,5496.0,1,451.0,1.0,0,0,0,0,0,0,18.6667095,73.788663,Residential,Apartment,0
2200000,3520.0,1,384.0,2.0,0,0,0,0,0,0,18.7343947451665,73.6791497214445,Residential,Apartment,0
5800000,6864.0,2,750.0,2.0,1,1,0,0,0,0,18.4350931112671,73.8119529519852,Residential,Apartment,0
8700000,6960.0,3,1050.0,3.0,0,0,0,0,0,0,18.601256,73.7645369,Residential,Apartment,0
14500000,10357.0,3,930.0,3.0,0,1,0,0,0,0,18.4703680763148,73.900162950668,Residential,Apartment,0
11500000,10493.0,2,810.0,2.0,1,1,0,0,0,0,18.5925615,73.7971225,Residential,Apartment,0
3300000,5690.0,1,460.0,1.0,0,0,0,0,0,0,18.6472940504809,73.8976683302982,Residential,Apartment,0
6500000,9104.0,2,674.0,2.0,0,0,0,0,0,0,18.4917644929129,73.9701465555334,Residential,Apartment,0
5000000,5263.0,2,925.0,2.0,0,0,0,0,0,0,18.4444865911802,73.8231828087887,Residential,Apartment,0
12000000,12000.0,2,800.0,2.0,1,1,0,0,0,0,18.5434981,73.9395,Residential,Apartment,0
9500000,7917.0,3,1090.0,2.0,0,0,0,0,0,0,18.6426375,73.7939649,Residential,Apartment,0
2900000,8923.0,1,300.0,1.0,0,1,0,0,0,0,18.60470063,73.78706675,Residential,Apartment,0
4300000,4095.0,2,516.0,2.0,1,1,0,0,0,0,18.452499,73.9042255,Residential,Apartment,0
4100000,4556.0,2,780.0,1.0,0,0,0,0,0,0,18.4633272035409,73.8518017049147,Residential,Apartment,0
4500000,7377.0,1,460.0,1.0,0,0,0,0,0,0,18.601732750311,73.7220719182405,Residential,Apartment,0
4100000,5467.0,1,750.0,1.0,0,0,0,0,0,0,18.4749695,73.9370825,Residential,Apartment,0
5700000,6786.0,2,600.0,2.0,1,1,0,0,0,0,18.6615249843968,73.7287790957994,Residential,Apartment,0
4500000,7377.0,1,510.0,2.0,0,0,0,0,0,0,18.4680743173029,73.8930224694682,Residential,Apartment,0
3800000,5476.0,1,496.0,1.0,0,0,0,0,0,0,18.6664499937538,73.8474815257257,Residential,Apartment,0
9000000,7200.0,3,950.0,3.0,0,0,0,0,0,0,18.5013815,73.752738,Residential,Apartment,0
4800000,7547.0,2,636.0,2.0,0,0,0,0,0,0,18.6472940504809,73.8976683302982,Residential,Apartment,0
14000000,12891.0,2,850.0,2.0,1,1,0,0,0,0,18.5476795,73.901482,Residential,Apartment,0
4500000,5769.0,2,900.0,2.0,0,1,0,0,0,0,18.7379863746817,73.6392078677275,Residential,Apartment,0
15000000,11538.0,3,1085.0,2.0,0,0,0,0,0,0,18.5845594755989,73.6872446873881,Residential,Apartment,0
4000000,3077.0,3,1250.0,2.0,0,1,0,0,0,0,18.4680743173029,73.8930224694682,Residential,Apartment,0
15500000,14027.0,2,850.0,2.0,0,0,0,0,0,0,18.5353631,73.8800994,Residential,Apartment,0
7500000,8152.0,2,663.0,2.0,0,0,0,0,0,0,18.5768131896138,73.9780692718883,Residential,Apartment,0
7700000,9935.0,2,595.0,1.0,1,1,0,0,0,0,18.471055843015,73.8226174432828,Residential,Apartment,0
9500000,9048.0,2,802.0,2.0,0,0,0,0,0,0,18.532526,73.944996,Residential,Apartment,0
14000000,11667.0,2,915.0,2.0,0,0,0,0,0,0,18.5810936,73.771877,Residential,Apartment,0
6600000,7765.0,2,750.0,2.0,0,0,0,0,0,0,18.6278976,73.7810239,Residential,Apartment,0
9000000,8152.0,2,786.0,2.0,0,1,0,0,0,0,18.5944550555286,73.8968272364227,Residential,Apartment,0
8800000,7080.0,2,994.0,2.0,0,0,0,0,0,0,18.5013815,73.752738,Residential,Apartment,0
4800000,4948.0,2,870.0,2.0,0,0,0,0,0,0,18.4489723442277,73.8137782189006,Residential,Apartment,0
12500000,11447.0,2,840.0,2.0,0,0,0,0,0,0,18.5527185,73.9454065,Residential,Apartment,0
8000000,7477.0,3,836.0,2.0,1,1,0,0,0,0,18.6805264,73.810525,Residential,Apartment,0
6000000,6410.0,2,700.0,2.0,0,1,0,0,0,0,18.5990982852084,73.92314475871,Residential,Apartment,0
12500000,9615.0,3,1044.0,2.0,1,1,0,0,0,0,18.5845594755989,73.6872446873881,Residential,Apartment,0
4000000,5333.0,3,590.0,2.0,0,0,0,0,0,0,18.601732750311,73.7220719182405,Residential,Apartment,0
5000000,5342.0,2,810.0,2.0,0,1,0,0,0,0,18.4707976056377,73.9324777274165,Residential,Apartment,0
5600000,9018.0,2,750.0,2.0,0,1,0,0,0,0,18.634251086741,73.8085848830418,Residential,Apartment,0
7500000,5747.0,3,931.0,3.0,1,1,0,0,0,1,18.6664499937538,73.8474815257257,Residential,Apartment,0
16500000,10312.0,3,1350.0,3.0,0,1,0,0,0,0,18.5046404,73.7649625,Residential,Apartment,0
12000000,9188.0,3,950.0,2.0,1,1,0,0,0,0,18.4509142546204,73.9159532114877,Residential,Apartment,0
7700000,9625.0,2,685.0,2.0,0,0,0,0,0,0,18.4462531540304,73.8619104688945,Residential,Apartment,0
5500000,6322.0,2,730.0,2.0,0,1,0,0,0,0,18.6805264,73.810525,Residential,Apartment,0
8000000,6395.0,3,910.0,3.0,1,1,0,0,0,0,18.6664499937538,73.8474815257257,Residential,Apartment,0
1400000,2800.0,1,353.0,1.0,0,0,0,0,0,0,18.443965,73.809382,Residential,Apartment,0
2400000,4225.0,1,530.0,2.0,0,0,0,0,0,0,18.46496,73.78109,Residential,Apartment,0
4500000,4663.0,2,630.0,2.0,1,0,0,0,0,0,18.452499,73.9042255,Residential,Apartment,0
6500000,8667.0,2,668.0,2.0,0,0,0,0,0,0,18.5995184845644,73.7212220016587,Residential,Apartment,0
3400000,6367.0,1,452.0,1.0,1,1,0,0,0,0,18.6472940504809,73.8976683302982,Residential,Apartment,0
4600000,9218.0,2,499.0,2.0,0,0,0,0,0,0,18.4509142546204,73.9159532114877,Residential,Apartment,0
16000000,11603.0,3,1200.0,3.0,1,1,0,0,0,0,18.5837696,73.763299,Residential,Apartment,0
7000000,7000.0,2,800.0,2.0,1,1,0,0,0,0,18.5911585,73.9260013,Residential,Apartment,0
3000000,5000.0,1,500.0,1.0,0,1,0,0,0,0,18.6788687708934,73.6883906367032,Residential,Apartment,0
5500000,5870.0,2,707.0,2.0,1,0,0,0,0,0,18.4509142546204,73.9159532114877,Residential,Apartment,0
4500000,5196.0,2,596.0,2.0,0,1,0,0,0,0,18.4378185,73.9175425,Residential,Apartment,0
3540000,2656.0,2,987.0,2.0,0,0,0,0,0,0,18.5240818,73.8447538,Residential,Apartment,0
1630000,2659.0,1,458.0,1.0,0,0,0,0,0,0,18.5415395,73.7813029,Residential,Apartment,0
3870000,5126.0,2,439.0,2.0,1,1,0,0,0,0,18.4680743173029,73.8930224694682,Residential,Apartment,0
2800000,5185.0,2,424.0,2.0,0,0,0,0,0,0,18.7343947451665,73.6791497214445,Residential,Apartment,0
11000000,11702.0,2,707.0,2.0,0,0,0,0,0,0,18.599348,73.762495,Residential,Apartment,0
6000000,5825.0,2,850.0,2.0,0,1,0,0,0,0,18.470825437984,73.9158708957281,Residential,Apartment,0
7700000,8710.0,2,669.0,2.0,0,1,0,0,0,0,18.6280101648276,73.7456954149074,Residential,Apartment,0
1580000,2655.0,1,479.0,1.0,0,0,0,0,0,0,18.4765455,73.868109,Residential,Apartment,0
3960000,5867.0,1,575.0,1.0,0,0,0,0,0,0,18.530715,73.912247,Residential,Apartment,0
1580000,2655.0,1,420.0,1.0,1,1,0,0,0,0,18.592434,73.847787,Residential,Apartment,0
1590000,2650.0,1,557.0,1.0,0,0,0,0,0,0,18.6600716040436,73.8314430802285,Residential,Apartment,0
4470000,5960.0,1,750.0,2.0,0,1,0,0,0,0,18.6043694,73.7469796,Residential,Apartment,0
6260000,5962.0,2,674.0,2.0,1,1,0,0,0,0,18.6043694,73.7469796,Residential,Apartment,0
1650000,2661.0,1,521.0,1.0,0,0,0,0,0,0,18.4993544,73.814979,Residential,Apartment,0
2480000,2650.0,1,936.0,2.0,0,0,0,0,0,0,18.5473574348827,73.8205750486616,Residential,Apartment,0
1980000,2654.0,1,560.0,1.0,0,0,0,0,0,0,18.5628430652453,73.8056865228751,Residential,Apartment,0
3000000,5208.0,1,452.0,1.0,1,0,0,0,0,0,18.6472940504809,73.8976683302982,Residential,Apartment,0
2630000,2651.0,2,735.0,2.0,0,0,0,0,0,0,18.5032366,73.8246155,Residential,Apartment,0
5250000,5526.0,2,780.0,2.0,0,0,0,0,0,0,18.5616486,73.8839714,Residential,Apartment,0
4500000,6000.0,2,650.0,2.0,0,1,0,0,0,0,18.61390447,73.87784573,Residential,Apartment,0
5500000,4595.0,2,870.0,2.0,1,0,0,0,0,0,18.619991,73.702084,Residential,Apartment,0
9500000,9500.0,2,795.0,2.0,1,1,0,0,0,0,18.4703680763148,73.900162950668,Residential,Apartment,0
10600000,7439.0,3,1070.0,3.0,0,1,0,0,0,0,18.468449,73.914135,Residential,Apartment,0
7000000,5490.0,2,1080.0,2.0,1,1,0,0,0,0,18.4680743173029,73.8930224694682,Residential,Apartment,0
2430000,2656.0,2,860.0,2.0,0,0,0,0,0,0,18.4798425789632,73.8763613614797,Residential,Apartment,0
3399999,4474.0,2,729.0,2.0,0,0,0,0,0,0,18.7431731690908,73.6751760453458,Residential,Apartment,0
3000000,3764.0,2,750.0,2.0,1,1,0,0,0,0,18.5768131896138,73.9780692718883,Residential,Apartment,0
12900000,10661.0,3,1100.0,3.0,1,1,0,0,0,0,18.5721265707285,73.7570589491508,Residential,Apartment,0
5800000,7250.0,2,650.0,1.0,0,1,0,0,0,0,18.4828026,73.8280675,Residential,Apartment,0
7800000,9409.0,2,700.0,1.0,1,1,0,0,0,0,18.5871609368192,73.8318314587375,Residential,Apartment,0
6500000,7254.0,2,715.0,2.0,1,1,0,0,0,0,18.5845594755989,73.6872446873881,Residential,Apartment,0
5200000,6161.0,2,605.0,2.0,0,0,0,0,0,0,18.4375067657152,73.7916389825431,Residential,Apartment,0
4950000,5562.0,2,630.0,2.0,0,0,0,0,0,0,18.4554900039848,73.9338396558188,Residential,Apartment,0
12000000,11538.0,2,771.0,2.0,0,0,0,0,0,0,18.5594882750649,73.809054939168,Residential,Apartment,0
6500000,9286.0,2,650.0,2.0,0,0,0,0,0,0,18.6325935815659,73.7344393940928,Residential,Apartment,0
2020000,2658.0,2,690.0,1.0,0,0,0,0,0,0,18.6440580991818,73.7706438908022,Residential,Apartment,0
1600000,2667.0,1,550.0,1.0,0,0,0,0,0,0,18.6440580991818,73.7706438908022,Residential,Apartment,0
7865000,6004.0,2,971.0,2.0,0,0,0,0,0,0,18.629613,73.7929866,Residential,Apartment,0
4100000,6699.0,1,512.0,1.0,0,1,0,0,0,0,18.5726776408445,73.8782245106378,Residential,Apartment,0
6500000,9909.0,2,610.0,2.0,1,1,0,0,0,0,18.5768131896138,73.9780692718883,Residential,Apartment,0
18900000,16507.0,3,1000.0,2.0,0,0,0,0,0,0,18.5995184845644,73.7212220016587,Residential,Apartment,0
4000000,4367.0,2,705.0,2.0,0,1,0,0,0,0,18.6798726134487,73.8982733817616,Residential,Apartment,0
15000000,11111.0,2,995.0,2.0,1,1,0,0,0,0,18.601256,73.7645369,Residential,Apartment,0
3210000,5350.0,1,490.0,1.0,0,0,0,0,0,0,18.62422,73.742775,Residential,Apartment,0
1200000,2667.0,1,360.0,1.0,0,0,0,0,0,0,18.5931424212781,73.9070502751095,Residential,Apartment,0
2600000,2653.0,2,686.0,2.0,0,0,0,0,0,0,18.5984362660925,73.9064552989082,Residential,Apartment,0
2570000,2649.0,2,680.0,2.0,0,0,0,0,0,0,18.5984362660925,73.9064552989082,Residential,Apartment,0
1840000,2647.0,1,515.0,1.0,0,0,0,0,0,0,18.6702231,73.7639466,Residential,Apartment,0
1530000,2652.0,1,577.0,1.0,0,0,0,0,0,0,18.6702231,73.7639466,Residential,Apartment,0
1330000,2660.0,1,470.0,1.0,0,0,0,0,0,0,18.6193945,73.8563925,Residential,Apartment,0
2720000,2651.0,2,720.0,2.0,1,1,0,0,0,0,18.6248374878156,73.8560427285831,Residential,Apartment,0
1450000,2661.0,1,475.0,1.0,0,0,0,0,0,0,18.6248374878156,73.8560427285831,Residential,Apartment,0
7500000,8333.0,2,700.0,2.0,0,1,0,0,0,0,18.53715055,73.7888998,Residential,Apartment,0
15000000,8333.0,3,1365.0,3.0,0,1,0,0,0,0,18.4575427114808,73.8758803714822,Residential,Apartment,0
6000000,6667.0,2,660.0,2.0,1,1,0,0,0,0,18.8268131,74.3780423,Residential,Apartment,0
4100000,5230.0,2,784.0,2.0,0,0,0,0,0,0,18.4439750329832,73.8768659759521,Residential,Apartment,0
5500000,6208.0,2,665.0,2.0,1,1,0,0,0,0,18.6615249843968,73.7287790957994,Residential,Apartment,0
5400000,8738.0,1,377.0,2.0,0,0,0,0,0,0,18.5178723803339,73.8667588090203,Residential,Apartment,0
12000000,11246.0,2,820.0,2.0,0,0,0,0,0,0,18.5810936,73.771877,Residential,Apartment,0
4900000,5765.0,1,850.0,1.0,0,1,0,0,0,0,18.5841019355514,73.8861943915552,Residential,Apartment,0
8200000,7069.0,2,850.0,2.0,1,1,0,0,0,0,18.5013815,73.752738,Residential,Apartment,0
11500000,14007.0,3,721.0,3.0,1,1,0,0,0,0,18.5010967026398,73.9358682814506,Residential,Apartment,0
5200000,5290.0,2,661.0,2.0,1,1,0,0,0,0,18.5768131896138,73.9780692718883,Residential,Apartment,0
13500000,10060.0,3,958.0,3.0,0,1,0,0,0,0,18.601256,73.7645369,Residential,Apartment,0
2200000,3143.0,1,700.0,1.0,1,0,0,0,0,0,18.6201867777314,73.7465762407311,Residential,Apartment,0
11500000,9746.0,2,897.0,2.0,1,1,0,0,0,0,18.532526,73.944996,Residential,Apartment,0
6100000,8764.0,1,593.0,2.0,0,0,0,0,0,0,18.5810936,73.771877,Residential,Apartment,0
10500000,9545.0,2,940.0,2.0,0,0,0,0,0,0,18.5010967026398,73.9358682814506,Residential,Apartment,0
5400000,5870.0,2,700.0,2.0,0,0,0,0,0,0,18.441244,73.799721,Residential,Apartment,0
1950000,4333.0,1,400.0,1.0,0,0,0,0,0,0,18.615674,73.7707471,Residential,Apartment,0
15000000,14706.0,3,1020.0,3.0,1,1,0,0,0,0,18.6325935815659,73.7344393940928,Residential,Apartment,0
2650000,2650.0,2,750.0,2.0,0,0,0,0,0,0,18.5068665,73.877015,Residential,Apartment,0
1730000,2662.0,1,323.0,1.0,0,1,0,0,0,0,18.5944550555286,73.8968272364227,Residential,Apartment,0
6500000,9339.0,1,505.0,1.0,1,1,0,0,0,0,18.601732750311,73.7220719182405,Residential,Apartment,0
1460000,2655.0,1,407.0,1.0,0,1,0,0,0,0,18.556989,73.915195,Residential,Apartment,0
6200000,7126.0,2,647.0,2.0,1,1,0,0,0,0,18.4509142546204,73.9159532114877,Residential,Apartment,0
3800000,6333.0,1,500.0,1.0,1,0,0,0,0,0,18.6615249843968,73.7287790957994,Residential,Apartment,0
3050000,2652.0,2,820.0,2.0,0,0,0,0,0,0,18.4765455,73.868109,Residential,Apartment,0
10000000,8584.0,2,800.0,2.0,1,1,0,0,0,0,18.49897476,73.74698902,Residential,Apartment,0
18000000,11243.0,3,1163.0,3.0,0,0,0,0,0,0,18.5810936,73.771877,Residential,Apartment,0
6000000,10345.0,2,520.0,2.0,0,0,0,0,0,0,18.6708036,73.7173175,Residential,Apartment,0
9600000,10909.0,2,735.0,2.0,1,0,0,0,0,0,18.5721265707285,73.7570589491508,Residential,Apartment,0
7500000,4688.0,3,1100.0,3.0,0,1,0,0,0,0,18.4509142546204,73.9159532114877,Residential,Apartment,0
4200000,5440.0,2,610.0,2.0,0,1,0,0,0,0,18.5911585,73.9260013,Residential,Apartment,0
4500000,4505.0,2,1000.0,2.0,0,0,0,0,0,0,18.5010967026398,73.9358682814506,Residential,Apartment,0
7700000,8701.0,2,725.0,2.0,0,1,0,0,0,0,18.5010967026398,73.9358682814506,Residential,Apartment,0
4000000,6154.0,2,458.0,1.0,1,1,0,0,0,0,18.6536881,73.7400954,Residential,Apartment,0
3000000,4918.0,1,560.0,1.0,0,0,0,0,0,0,18.5469121,73.7564974,Residential,Apartment,0
2700000,4909.0,1,399.0,2.0,1,1,0,0,0,0,18.5079578,73.6822885,Residential,Apartment,0
3000000,6565.0,1,338.0,2.0,0,0,0,0,0,0,18.4444865911802,73.8231828087887,Residential,Apartment,0
8000000,7143.0,2,771.0,2.0,0,0,0,0,0,0,18.4680743173029,73.8930224694682,Residential,Apartment,0
7200000,7982.0,2,624.0,2.0,0,0,0,0,0,0,18.5469121,73.7564974,Residential,Apartment,0
2200000,4400.0,1,450.0,1.0,0,0,0,0,0,0,18.46275626,73.9791363,Residential,Apartment,0
6000000,4800.0,2,875.0,2.0,0,1,0,0,0,0,18.4509142546204,73.9159532114877,Residential,Apartment,0
7500000,11538.0,2,600.0,2.0,1,1,0,0,0,0,18.5721265707285,73.7570589491508,Residential,Apartment,0
7000000,6604.0,2,750.0,2.0,0,1,0,0,0,0,18.4579076328107,73.9124095316954,Residential,Apartment,0
5000000,6378.0,2,650.0,2.0,1,1,0,0,0,0,18.4518096,73.8111761,Residential,Apartment,0
13000000,9286.0,3,1100.0,2.0,0,0,0,0,0,0,18.532526,73.944996,Residential,Apartment,0
12500000,7622.0,3,1300.0,3.0,1,1,0,0,0,0,18.601732750311,73.7220719182405,Residential,Apartment,0
2200000,3448.0,2,547.0,1.0,0,1,0,0,0,0,18.5768131896138,73.9780692718883,Residential,Apartment,0
3500000,5000.0,1,560.0,2.0,0,0,0,0,0,0,18.6708036,73.7173175,Residential,Apartment,0
8000000,8830.0,2,671.0,2.0,0,1,0,0,0,0,18.5010967026398,73.9358682814506,Residential,Apartment,0
7600000,7867.0,2,716.0,2.0,0,1,0,0,0,0,18.6536881,73.7400954,Residential,Apartment,0
2200000,4314.0,1,506.0,1.0,0,0,0,0,0,0,18.50320293,73.9199669,Residential,Apartment,0
5200000,5417.0,3,746.0,2.0,1,1,0,0,0,0,18.6681609,73.7026943,Residential,Apartment,0
20000000,12821.0,3,1180.0,3.0,0,0,0,0,0,0,18.4893883742541,73.8198003850328,Residential,Apartment,0
15100000,12080.0,3,985.0,2.0,1,1,0,0,0,0,18.5810936,73.771877,Residential,Apartment,0
26000000,13613.0,3,1367.0,3.0,0,1,0,0,0,0,18.5594882750649,73.809054939168,Residential,Apartment,0
9000000,8571.0,2,750.0,2.0,1,1,0,0,0,0,18.4575576340076,73.8049225876653,Residential,Apartment,0
9500000,9453.0,2,750.0,2.0,0,0,0,0,0,0,18.6426375,73.7939649,Residential,Apartment,0
5800000,6816.0,2,607.0,2.0,0,1,0,0,0,0,18.443965,73.809382,Residential,Apartment,0
7800000,7800.0,2,786.0,1.0,0,0,0,0,0,0,18.518510524364,73.8850947377621,Residential,Apartment,0
10500000,10500.0,2,750.0,2.0,1,0,0,0,0,0,18.5527185,73.9454065,Residential,Apartment,0
4000000,6452.0,1,619.0,1.0,1,0,0,0,0,0,18.4509142546204,73.9159532114877,Residential,Apartment,0
4500000,8824.0,1,369.0,1.0,0,0,0,0,0,0,18.5038178262196,73.8412269635008,Residential,Apartment,0
15000000,12000.0,2,950.0,2.0,0,0,0,0,0,0,18.4798425789632,73.8763613614797,Residential,Apartment,0
1900000,3551.0,1,416.0,1.0,1,1,0,0,0,0,18.7343947451665,73.6791497214445,Residential,Apartment,0
2500000,4570.0,1,480.0,1.0,0,0,0,0,0,0,18.435653,73.8194815,Residential,Apartment,0
13000000,10788.0,2,760.0,2.0,0,0,0,0,0,0,18.5057078629585,73.8059355451102,Residential,Apartment,0
21000000,14000.0,2,900.0,2.0,1,1,0,0,0,0,18.5294591566579,73.8299281217673,Residential,Apartment,0
4800000,4697.0,2,830.0,2.0,1,1,0,0,0,0,18.4378185,73.9175425,Residential,Apartment,0
1640000,2649.0,1,434.0,1.0,0,0,0,0,0,0,18.4828548304384,73.9505454306393,Residential,Apartment,0
1860000,2657.0,2,600.0,1.0,0,0,0,0,0,0,18.4828548304384,73.9505454306393,Residential,Apartment,0
8500000,6296.0,3,1100.0,3.0,1,0,0,0,0,0,18.5010967026398,73.9358682814506,Residential,Apartment,0
3500000,5645.0,1,542.0,1.0,1,1,0,0,0,0,18.474216,73.9794409,Residential,Apartment,0
3950000,4389.0,2,693.0,2.0,0,0,0,0,0,0,18.4509142546204,73.9159532114877,Residential,Apartment,0
5300000,5086.0,2,744.0,2.0,0,1,0,0,0,0,18.4509142546204,73.9159532114877,Residential,Apartment,0
8500000,9209.0,2,700.0,2.0,0,0,0,0,0,0,18.5010967026398,73.9358682814506,Residential,Apartment,0
6500000,6268.0,2,846.0,2.0,0,0,0,0,0,0,18.6805264,73.810525,Residential,Apartment,0
5200000,7293.0,1,515.0,1.0,0,0,0,0,0,0,18.532526,73.944996,Residential,Apartment,0
11000000,12941.0,2,722.0,2.0,0,1,0,0,0,0,18.5721265707285,73.7570589491508,Residential,Apartment,0
11600000,10113.0,2,870.0,2.0,0,0,0,0,0,0,18.5041515,73.9015575,Residential,Apartment,0
11000000,9491.0,2,922.0,2.0,1,1,0,0,0,0,18.60470063,73.78706675,Residential,Apartment,0
7200000,6102.0,2,1080.0,2.0,0,1,0,0,0,0,18.5687355,73.8345955,Residential,Apartment,0
11800000,7492.0,3,1220.0,2.0,0,0,0,0,0,0,18.6282946283818,73.6773999794525,Residential,Apartment,0
3200000,5915.0,1,390.0,1.0,0,0,0,0,0,0,18.6805264,73.810525,Residential,Apartment,0
3000000,5146.0,1,420.0,1.0,0,0,0,0,0,0,18.6805264,73.810525,Residential,Apartment,0
3200000,4129.0,2,558.0,2.0,0,0,0,0,0,0,18.470929,73.829682,Residential,Apartment,0
7200000,8421.0,3,616.0,2.0,0,0,0,0,0,0,18.4828026,73.8280675,Residential,Apartment,0
6000000,6486.0,2,666.0,2.0,0,0,0,0,0,0,18.5884930978587,73.8749536085295,Residential,Apartment,0
2500000,4545.0,1,396.0,1.0,0,0,0,0,0,0,18.470929,73.829682,Residential,Apartment,0
1700000,3148.0,1,389.0,1.0,0,0,0,0,0,0,18.5768131896138,73.9780692718883,Residential,Apartment,0
4700000,7460.0,1,454.0,1.0,0,0,0,0,0,0,18.5911585,73.9260013,Residential,Apartment,0
6000000,6977.0,2,700.0,2.0,0,0,0,0,0,0,18.4450195869092,73.868208420823,Residential,Apartment,0
9500000,6507.0,3,1051.0,3.0,0,0,0,0,0,0,18.6472940504809,73.8976683302982,Residential,Apartment,0
6000000,8000.0,2,540.0,2.0,0,0,0,0,0,0,18.6536881,73.7400954,Residential,Apartment,0
5000000,5219.0,2,690.0,2.0,0,1,0,0,0,0,18.6536881,73.7400954,Residential,Apartment,0
5200000,6190.0,2,605.0,2.0,0,1,0,0,0,0,18.6536881,73.7400954,Residential,Apartment,0
2800000,5091.0,1,396.0,1.0,0,0,0,0,0,0,18.6472940504809,73.8976683302982,Residential,Apartment,0
5500000,5789.0,2,684.0,2.0,0,0,0,0,0,0,18.6472940504809,73.8976683302982,Residential,Apartment,0
13000000,10833.0,3,864.0,3.0,1,1,0,0,0,0,18.4703680763148,73.900162950668,Residential,Apartment,0
7900000,9962.0,2,571.0,2.0,1,1,0,0,0,0,18.4703680763148,73.900162950668,Residential,Apartment,0
7200000,8314.0,2,624.0,2.0,0,0,0,0,0,0,18.5721265707285,73.7570589491508,Residential,Apartment,0
7000000,9333.0,2,540.0,2.0,0,0,0,0,0,0,18.5721265707285,73.7570589491508,Residential,Apartment,0
5500000,8283.0,2,478.0,2.0,0,0,0,0,0,0,18.6325935815659,73.7344393940928,Residential,Apartment,0
5800000,8286.0,2,504.0,2.0,0,0,0,0,0,0,18.6325935815659,73.7344393940928,Residential,Apartment,0
6200000,7294.0,3,612.0,2.0,0,0,0,0,0,0,18.6325935815659,73.7344393940928,Residential,Apartment,0
6500000,8667.0,2,540.0,2.0,0,0,0,0,0,0,18.6325935815659,73.7344393940928,Residential,Apartment,0
7400000,6167.0,3,864.0,2.0,0,0,0,0,0,0,18.6325935815659,73.7344393940928,Residential,Apartment,0
7850000,10195.0,2,554.0,2.0,0,0,0,0,0,0,18.532526,73.944996,Residential,Apartment,0
7500000,6000.0,3,900.0,2.0,0,0,0,0,0,0,18.5721265707285,73.7570589491508,Residential,Apartment,0
6000000,9967.0,2,433.0,2.0,0,0,0,0,0,0,18.5721265707285,73.7570589491508,Residential,Apartment,0
7000000,8750.0,2,576.0,2.0,0,0,0,0,0,0,18.5721265707285,73.7570589491508,Residential,Apartment,0
10500000,9170.0,3,925.0,3.0,1,1,0,0,0,0,18.615674,73.7707471,Residential,Apartment,0
8500000,11724.0,2,522.0,2.0,0,0,0,0,0,0,18.5721265707285,73.7570589491508,Residential,Apartment,0
7500000,7411.0,2,729.0,2.0,0,0,0,0,0,0,18.5721265707285,73.7570589491508,Residential,Apartment,0
3500000,7000.0,1,360.0,1.0,0,0,0,0,0,0,18.6337419,73.8220295,Residential,Apartment,0
7500000,12500.0,1,490.0,1.0,0,0,0,0,0,0,18.5721265707285,73.7570589491508,Residential,Apartment,0
5000000,5663.0,2,654.0,2.0,0,1,0,0,0,0,18.6805264,73.810525,Residential,Apartment,0
6800000,6800.0,2,753.0,2.0,0,0,0,0,0,0,18.6578181461434,73.7687864347475,Residential,Apartment,0
4300000,8722.0,1,355.0,1.0,0,0,0,0,0,0,18.532526,73.944996,Residential,Apartment,0
4500000,4762.0,2,680.0,2.0,0,0,0,0,0,0,18.452499,73.9042255,Residential,Apartment,0
7500000,7075.0,2,763.0,2.0,0,0,0,0,0,0,18.4462531540304,73.8619104688945,Residential,Apartment,0
25000000,13158.0,3,1368.0,3.0,0,0,0,0,0,0,18.5299092311274,73.8458539761147,Residential,Apartment,0
21400000,15275.0,3,1009.0,3.0,0,0,0,0,0,0,18.5057078629585,73.8059355451102,Residential,Apartment,0
8000000,7442.0,2,774.0,2.0,0,0,0,0,0,0,18.5203955466281,73.80797033419,Residential,Apartment,0
17500000,9915.0,3,1271.0,3.0,0,0,0,0,0,0,18.5810936,73.771877,Residential,Apartment,0
4700000,4825.0,2,701.0,2.0,0,0,0,0,0,0,18.7343947451665,73.6791497214445,Residential,Apartment,0
7800000,7091.0,3,950.0,3.0,0,0,0,0,0,0,18.601256,73.7645369,Residential,Apartment,0
5800000,7389.0,2,565.0,2.0,0,0,0,0,0,0,18.4517966959785,73.8670854486446,Residential,Apartment,0
5700000,9179.0,1,447.0,1.0,0,0,0,0,0,0,18.5095107897556,73.8464542143955,Residential,Apartment,0
16900000,14202.0,3,857.0,3.0,0,0,0,0,0,0,18.4998348048449,73.8261886442077,Residential,Apartment,0
19800000,14062.0,3,1014.0,3.0,0,0,0,0,0,0,18.5063185,73.8326625,Residential,Apartment,0
1700000,5397.0,1,227.0,1.0,0,0,0,0,0,0,18.6121071,73.7160621,Residential,Apartment,0
7500000,7353.0,2,780.0,2.0,0,0,0,0,0,0,18.6664499937538,73.8474815257257,Residential,Apartment,0
3600000,5414.0,1,479.0,1.0,0,0,0,0,0,0,18.4410988737511,73.7847793789406,Residential,Apartment,0
4000000,5714.0,1,504.0,2.0,0,0,0,0,0,0,18.470929,73.829682,Residential,Apartment,0
11500000,8042.0,3,1030.0,3.0,0,0,0,0,0,0,18.5228754199699,73.985179560855,Residential,Apartment,0
5000000,8065.0,1,446.0,1.0,0,0,0,0,0,0,18.4600773195027,73.8657679293411,Residential,Apartment,0
3300000,6262.0,1,379.0,1.0,0,0,0,0,0,0,18.4444865911802,73.8231828087887,Residential,Apartment,0
3200000,4267.0,2,540.0,1.0,0,0,0,0,0,0,18.4575576340076,73.8049225876653,Residential,Apartment,0
5800000,7838.0,2,533.0,2.0,0,0,0,0,0,0,18.4575576340076,73.8049225876653,Residential,Apartment,0
14200000,8875.0,3,1152.0,3.0,0,0,0,0,0,0,18.5670809479105,73.9171057653814,Residential,Apartment,0
12300000,13155.0,2,673.0,2.0,0,0,0,0,0,0,18.5057078629585,73.8059355451102,Residential,Apartment,0
3500000,4118.0,2,612.0,2.0,0,0,0,0,0,0,18.7343947451665,73.6791497214445,Residential,Apartment,0
1600000,3200.0,1,360.0,1.0,0,0,0,0,0,0,18.4633272035409,73.8518017049147,Residential,Apartment,0
8500000,8500.0,2,804.0,2.0,1,1,0,0,0,0,18.601256,73.7645369,Residential,Apartment,0
2900000,4833.0,1,432.0,1.0,0,0,0,0,0,0,18.4554900039848,73.9338396558188,Residential,Apartment,0
5100000,5635.0,2,652.0,2.0,0,0,0,0,0,0,18.5768131896138,73.9780692718883,Residential,Apartment,0
3800000,6441.0,1,425.0,1.0,0,0,0,0,0,0,18.5203955466281,73.80797033419,Residential,Apartment,0
4250000,6250.0,1,490.0,1.0,0,0,0,0,0,0,18.530748,73.927583,Residential,Apartment,0
4200000,4688.0,2,645.0,2.0,0,0,0,0,0,0,18.6269353371866,73.8744896696036,Residential,Apartment,0
3900000,5000.0,2,562.0,2.0,0,0,0,0,0,0,18.4509142546204,73.9159532114877,Residential,Apartment,0
2900000,5273.0,1,396.0,1.0,0,0,0,0,0,0,18.4509142546204,73.9159532114877,Residential,Apartment,0
6000000,6316.0,2,684.0,2.0,0,0,0,0,0,0,18.468449,73.914135,Residential,Apartment,0
3500000,4147.0,2,608.0,2.0,0,0,0,0,0,0,18.7343947451665,73.6791497214445,Residential,Apartment,0
5000000,8292.0,2,434.0,2.0,0,0,0,0,0,0,18.7343947451665,73.6791497214445,Residential,Apartment,0
4750000,7364.0,1,464.0,1.0,0,1,0,0,0,0,18.4680743173029,73.8930224694682,Residential,Apartment,0
7400000,8177.0,2,652.0,2.0,0,0,0,0,0,0,18.5925615,73.7971225,Residential,Apartment,0
4500000,7965.0,1,407.0,1.0,0,0,0,0,0,0,18.530748,73.927583,Residential,Apartment,0
7300000,7178.0,2,732.0,2.0,0,0,0,0,0,0,18.532526,73.944996,Residential,Apartment,0
4000000,5517.0,1,522.0,1.0,0,0,0,0,0,0,18.530748,73.927583,Residential,Apartment,0
4000000,5690.0,1,506.0,1.0,0,0,0,0,0,0,18.530748,73.927583,Residential,Apartment,0
3700000,5836.0,1,435.0,1.0,1,1,0,0,0,0,18.5010967026398,73.9358682814506,Residential,Apartment,0
2600000,3824.0,1,490.0,1.0,0,0,0,0,0,0,18.4444865911802,73.8231828087887,Residential,Apartment,0
3500000,5556.0,2,454.0,2.0,0,0,0,0,0,0,18.5111067717955,73.6643203980576,Residential,Apartment,0
6200000,6458.0,2,691.0,2.0,0,0,0,0,0,0,18.6536881,73.7400954,Residential,Apartment,0
7800000,7091.0,2,792.0,2.0,0,0,0,0,0,0,18.60470063,73.78706675,Residential,Apartment,0
4100000,6833.0,1,432.0,1.0,0,0,0,0,0,0,18.60470063,73.78706675,Residential,Apartment,0
4500000,7143.0,1,454.0,1.0,0,0,0,0,0,0,18.60470063,73.78706675,Residential,Apartment,0
6000000,10000.0,1,432.0,1.0,0,0,0,0,0,0,18.5594882750649,73.809054939168,Residential,Apartment,0
3200000,3721.0,2,619.0,2.0,0,0,0,0,0,0,18.7343947451665,73.6791497214445,Residential,Apartment,0
7500000,8047.0,2,671.0,2.0,0,0,0,0,0,0,18.601256,73.7645369,Residential,Apartment,0
6200000,5636.0,2,792.0,2.0,0,0,0,0,0,0,18.601256,73.7645369,Residential,Apartment,0
6200000,5487.0,2,814.0,2.0,0,1,0,0,0,0,18.6325935815659,73.7344393940928,Residential,Apartment,0
3500000,3182.0,2,792.0,2.0,0,0,0,0,0,0,18.5599716,73.7838163,Residential,Apartment,0
12700000,7155.0,3,1278.0,3.0,1,1,0,0,0,0,18.5768131896138,73.9780692718883,Residential,Apartment,0
10000000,6667.0,3,1080.0,3.0,1,1,0,0,0,0,18.5768131896138,73.9780692718883,Residential,Apartment,0
13500000,7606.0,3,1278.0,3.0,1,1,0,0,0,0,18.5768131896138,73.9780692718883,Residential,Apartment,0
13000000,7324.0,3,1278.0,3.0,1,1,0,0,0,0,18.5768131896138,73.9780692718883,Residential,Apartment,0
7500000,12000.0,2,450.0,2.0,0,0,0,0,0,0,18.5721265707285,73.7570589491508,Residential,Apartment,0
7400000,8409.0,2,800.0,2.0,1,0,0,0,0,0,18.5941831196817,73.7292006768055,Residential,Apartment,0
10000000,7496.0,3,987.0,3.0,0,0,0,0,0,0,18.5915090200973,73.8965510533003,Residential,Apartment,0
4600000,10000.0,1,331.0,1.0,0,0,0,0,0,0,18.5721265707285,73.7570589491508,Residential,Apartment,0
16500000,13750.0,3,950.0,2.0,1,1,0,0,0,0,18.48726946,73.82105071,Residential,Apartment,0
5000000,3846.0,3,936.0,2.0,0,0,0,0,0,0,18.4680743173029,73.8930224694682,Residential,Apartment,0
4000000,5882.0,1,490.0,1.0,0,0,0,0,0,0,18.6337419,73.8220295,Residential,Apartment,0
2800000,4444.0,1,454.0,1.0,0,0,0,0,0,0,18.5057078629585,73.8059355451102,Residential,Apartment,0
3600000,5143.0,2,504.0,2.0,0,0,0,0,0,0,18.4547035246958,73.8396774691363,Residential,Apartment,0
4000000,7273.0,1,396.0,1.0,0,0,0,0,0,0,18.640704391697,73.7919814072661,Residential,Apartment,0
2850000,4863.0,1,422.0,1.0,0,0,0,0,0,0,18.4654232080822,73.784329926229,Residential,Apartment,0
6400000,8000.0,2,576.0,2.0,0,0,0,0,0,0,18.4840208690126,73.7941150152749,Residential,Apartment,0
20000000,12500.0,3,1152.0,3.0,0,0,0,0,0,0,18.5057078629585,73.8059355451102,Residential,Apartment,0
4500000,8911.0,1,364.0,1.0,0,0,0,0,0,0,18.5160255,73.8569545,Residential,Apartment,0
4500000,9375.0,1,346.0,2.0,0,0,0,0,0,0,18.5160255,73.8569545,Residential,Apartment,0
4500000,6955.0,1,466.0,1.0,0,0,0,0,0,0,18.4633272035409,73.8518017049147,Residential,Apartment,0
8000000,8000.0,2,720.0,2.0,0,0,0,0,0,0,18.5687806964055,73.840058382873,Residential,Apartment,0
9500000,7308.0,3,936.0,3.0,0,0,0,0,0,0,18.5020435587457,73.8153516854207,Residential,Apartment,0
7000000,6195.0,2,814.0,2.0,0,0,0,0,0,0,18.48844774,73.87052262,Residential,Apartment,0
16800000,12923.0,3,1030.0,3.0,0,1,0,0,0,0,18.5837696,73.763299,Residential,Apartment,0
3700000,5873.0,1,530.0,1.0,0,1,0,0,0,0,18.4444865911802,73.8231828087887,Residential,Apartment,0
2250000,4464.0,1,400.0,1.0,0,0,0,0,0,0,18.48606606,73.95736517,Residential,Apartment,0
13200000,12941.0,2,821.0,2.0,0,1,0,0,0,0,18.5434981,73.9395,Residential,Apartment,0
11000000,9167.0,3,910.0,3.0,0,0,0,0,0,0,18.62384407,73.77380487,Residential,Apartment,0
1500000,2693.0,1,401.0,1.0,0,0,0,0,0,0,18.7621144,73.8657666,Residential,Apartment,0
1555000,2700.0,1,415.0,1.0,0,0,0,0,0,0,18.7621144,73.8657666,Residential,Apartment,0
3000000,8571.0,1,252.0,1.0,0,0,0,0,0,0,18.5203874935114,73.8569728997358,Residential,Apartment,0
4400000,5238.0,2,605.0,2.0,0,0,0,0,0,0,18.4375067657152,73.7916389825431,Residential,Apartment,0
4800000,6667.0,2,518.0,1.0,0,0,0,0,0,0,18.4936093056155,73.9098701325955,Residential,Apartment,0
3450000,5847.0,1,425.0,1.0,0,0,0,0,0,0,18.5915090200973,73.8965510533003,Residential,Apartment,0
7000000,7000.0,2,720.0,2.0,0,0,0,0,0,0,18.5010967026398,73.9358682814506,Residential,Apartment,0
7200000,9587.0,2,541.0,2.0,0,0,0,0,0,0,18.5010967026398,73.9358682814506,Residential,Apartment,0
8500000,12143.0,2,504.0,2.0,0,0,0,0,0,0,18.5010967026398,73.9358682814506,Residential,Apartment,0
6700000,6381.0,2,756.0,2.0,0,0,0,0,0,0,18.5010967026398,73.9358682814506,Residential,Apartment,0
7200000,7024.0,2,738.0,2.0,0,0,0,0,0,0,18.5010967026398,73.9358682814506,Residential,Apartment,0
7100000,8161.0,2,626.0,2.0,0,0,0,0,0,0,18.6323526,73.8107226,Residential,Apartment,0
3000000,5455.0,1,396.0,1.0,0,0,0,0,0,0,18.640704391697,73.7919814072661,Residential,Apartment,0
5800000,7250.0,1,576.0,1.0,1,0,0,0,0,0,18.601732750311,73.7220719182405,Residential,Apartment,0
9400000,6528.0,3,1037.0,3.0,0,0,0,0,0,0,18.6536881,73.7400954,Residential,Apartment,0
2000000,3690.0,1,390.0,1.0,0,0,0,0,0,0,18.5079578,73.6822885,Residential,Apartment,0
9600000,8421.0,2,821.0,2.0,0,0,0,0,0,0,18.4703680763148,73.900162950668,Residential,Apartment,0
6800000,5981.0,2,855.0,2.0,1,1,0,0,0,0,18.4509142546204,73.9159532114877,Residential,Apartment,0
7200000,9600.0,2,540.0,2.0,0,0,0,0,0,0,18.601732750311,73.7220719182405,Residential,Apartment,0
7400000,7613.0,2,700.0,2.0,1,1,0,0,0,0,18.601256,73.7645369,Residential,Apartment,0
7000000,9371.0,2,538.0,2.0,0,1,0,0,0,0,18.4575576340076,73.8049225876653,Residential,Apartment,0
7500000,8824.0,2,612.0,2.0,0,0,0,0,0,0,18.601732750311,73.7220719182405,Residential,Apartment,0
7300000,7503.0,2,701.0,2.0,0,0,0,0,0,0,18.601732750311,73.7220719182405,Residential,Apartment,0
7300000,6906.0,2,761.0,2.0,0,0,0,0,0,0,18.601732750311,73.7220719182405,Residential,Apartment,0
6200000,10081.0,2,443.0,2.0,0,0,0,0,0,0,18.601732750311,73.7220719182405,Residential,Apartment,0
8500000,9424.0,2,649.0,2.0,0,0,0,0,0,0,18.6201867777314,73.7465762407311,Residential,Apartment,0
1900000,4578.0,1,390.0,1.0,0,0,0,0,0,0,18.7597578,73.5958671,Residential,Apartment,0
10000000,9091.0,2,792.0,2.0,0,0,0,0,0,0,18.537941505528,73.7969848127362,Residential,Apartment,0
8200000,9704.0,2,608.0,2.0,0,0,0,0,0,0,18.5312407593535,73.8118367752157,Residential,Apartment,0
3250000,5963.0,1,452.0,1.0,1,1,0,0,0,0,18.5768131896138,73.9780692718883,Residential,Apartment,0
7800000,6300.0,2,891.0,2.0,0,0,0,0,0,0,18.4682676,73.9326265,Residential,Apartment,0
10700000,6688.0,3,1152.0,3.0,0,0,0,0,0,0,18.5530373310438,73.951490167295,Residential,Apartment,0
6000000,6667.0,2,648.0,2.0,0,0,0,0,0,0,18.5721265707285,73.7570589491508,Residential,Apartment,0
6500000,6500.0,2,720.0,2.0,0,0,0,0,0,0,18.4680743173029,73.8930224694682,Residential,Apartment,0
5100000,5204.0,2,706.0,2.0,0,0,0,0,0,0,18.5915090200973,73.8965510533003,Residential,Apartment,0
6000000,10909.0,1,396.0,1.0,0,0,0,0,0,0,18.5572417750743,73.8052559837615,Residential,Apartment,0
7500000,7870.0,2,686.0,3.0,1,1,0,0,0,0,18.5527185,73.9454065,Residential,Apartment,0
3500000,5385.0,1,468.0,1.0,0,0,0,0,0,0,18.6337419,73.8220295,Residential,Apartment,0
12000000,8571.0,3,1000.0,3.0,0,0,0,0,0,0,18.5623774,73.7838673,Residential,Apartment,0
21500000,11559.0,3,1204.0,3.0,0,0,0,0,0,0,18.5810936,73.771877,Residential,Apartment,0
5500000,5789.0,2,730.0,2.0,0,0,0,0,0,0,18.452499,73.9042255,Residential,Apartment,0
3100000,4342.0,1,514.0,1.0,0,0,0,0,0,0,18.443965,73.809382,Residential,Apartment,0
7800000,6500.0,2,864.0,2.0,0,0,0,0,0,0,18.5892565,73.813192,Residential,Apartment,0
1600000,3540.0,1,325.0,1.0,0,0,0,0,0,0,18.7621144,73.8657666,Residential,Apartment,0
1600000,3524.0,1,327.0,1.0,0,0,0,0,0,0,18.763475,73.838081,Residential,Apartment,0
1900000,4086.0,1,335.0,1.0,0,0,0,0,0,0,18.7621144,73.8657666,Residential,Apartment,0
1400000,3084.0,1,327.0,1.0,0,0,0,0,0,0,18.763475,73.838081,Residential,Apartment,0
1400000,2569.0,1,392.0,1.0,0,0,0,0,0,0,18.763475,73.838081,Residential,Apartment,0
2800000,6087.0,1,331.0,1.0,0,0,0,0,0,0,18.5010967026398,73.9358682814506,Residential,Apartment,0
2300000,5055.0,1,328.0,1.0,0,0,0,0,0,0,18.5010967026398,73.9358682814506,Residential,Apartment,0
4400000,4583.0,2,691.0,2.0,0,0,0,0,0,0,18.5010967026398,73.9358682814506,Residential,Apartment,0
3350000,5115.0,1,472.0,1.0,0,0,0,0,0,0,18.4680743173029,73.8930224694682,Residential,Apartment,0
3500000,5385.0,1,468.0,1.0,0,0,0,0,0,0,18.4680743173029,73.8930224694682,Residential,Apartment,0
5600000,8615.0,1,468.0,1.0,1,0,0,0,0,0,18.601732750311,73.7220719182405,Residential,Apartment,0
4500000,4737.0,2,684.0,2.0,0,0,0,0,0,0,18.5768131896138,73.9780692718883,Residential,Apartment,0
8300000,6350.0,2,941.0,2.0,0,0,0,0,0,0,18.6536881,73.7400954,Residential,Apartment,0
4000000,5102.0,2,564.0,1.0,0,1,0,0,0,0,18.6664499937538,73.8474815257257,Residential,Apartment,0
12000000,8889.0,3,972.0,3.0,0,0,0,0,0,0,18.6323526,73.8107226,Residential,Apartment,0
14887543,9393.0,3,1141.0,3.0,0,0,0,0,0,0,18.537448213619,73.8946928366916,Residential,Apartment,0
10000000,7143.0,3,1008.0,3.0,0,1,0,0,0,0,18.6201867777314,73.7465762407311,Residential,Apartment,0
9500000,8261.0,3,828.0,3.0,0,0,0,0,0,0,18.5768131896138,73.9780692718883,Residential,Apartment,0
8200000,7130.0,3,828.0,3.0,0,0,0,0,0,0,18.5768131896138,73.9780692718883,Residential,Apartment,0
2100000,3621.0,1,418.0,2.0,0,0,0,0,0,0,18.7343947451665,73.6791497214445,Residential,Apartment,0
15000000,13043.0,2,828.0,2.0,1,1,0,0,0,0,18.601256,73.7645369,Residential,Apartment,0
7000000,6951.0,2,725.0,2.0,1,1,0,0,0,0,18.601256,73.7645369,Residential,Apartment,0
6024000,5941.0,2,730.0,2.0,1,1,0,0,0,0,18.532526,73.944996,Residential,Apartment,0
2700000,4348.0,1,447.0,1.0,0,0,0,0,0,0,18.4654232080822,73.784329926229,Residential,Apartment,0
23500000,15667.0,3,1080.0,3.0,0,1,0,1,0,0,18.5063185,73.8326625,Residential,Apartment,0
23500000,16667.0,3,1015.0,3.0,0,1,0,1,0,0,18.5063185,73.8326625,Residential,Apartment,0
25000000,17730.0,3,1015.0,3.0,0,1,0,1,0,0,18.5063185,73.8326625,Residential,Apartment,0
9000000,6923.0,3,936.0,3.0,0,0,0,0,0,0,18.601732750311,73.7220719182405,Residential,Apartment,0
5800000,6374.0,2,655.0,2.0,0,0,0,0,0,0,18.5527185,73.9454065,Residential,Apartment,0
9200000,11856.0,2,559.0,2.0,1,1,0,0,0,0,18.5527185,73.9454065,Residential,Apartment,0
3400000,4359.0,2,562.0,2.0,0,0,0,0,0,0,18.6664499937538,73.8474815257257,Residential,Apartment,0
1400000,6863.0,1,147.0,1.0,0,0,0,0,0,0,19.0366472834037,73.9545606433189,Residential,Apartment,0
4200000,5060.0,2,598.0,1.0,0,0,0,0,0,0,18.470929,73.829682,Residential,Apartment,0
4900000,8348.0,1,587.0,1.0,0,0,0,0,0,0,18.468449,73.914135,Residential,Apartment,0
3000000,4518.0,1,478.0,1.0,0,0,0,0,0,0,18.6805264,73.810525,Residential,Apartment,0
5500000,5539.0,2,715.0,1.0,0,0,0,0,0,0,18.4828026,73.8280675,Residential,Apartment,0
10000000,10246.0,2,703.0,2.0,0,0,0,0,0,0,18.5244474,73.9740341,Residential,Apartment,0
5500000,4583.0,2,864.0,2.0,0,0,0,0,0,0,18.4444865911802,73.8231828087887,Residential,Apartment,0
16500000,13959.0,2,851.0,2.0,0,0,0,0,0,0,18.5321141753105,73.8366077136242,Residential,Apartment,0
7500000,10000.0,2,540.0,2.0,0,0,0,0,0,0,18.576448,73.793922,Residential,Apartment,0
5200000,8667.0,1,432.0,1.0,0,0,0,0,0,0,18.5810936,73.771877,Residential,Apartment,0
6350000,5309.0,3,861.0,2.0,0,0,0,0,0,0,18.6536881,73.7400954,Residential,Apartment,0
14000000,8750.0,3,1152.0,2.0,0,0,0,0,0,0,18.5594882750649,73.809054939168,Residential,Apartment,0
6500000,10467.0,2,621.0,2.0,1,0,0,0,0,0,18.5915090200973,73.8965510533003,Residential,Apartment,0
